case,candidate,correct (1 / 0 / ?),comment
1,A,,
1,B,,
2,A,,
2,B,,
3,A,,
3,B,,
4,A,,
4,B,,
5,A,,
5,B,,
6,A,,
6,B,,
7,A,,
7,B,,
8,A,,
8,B,,
9,A,,
9,B,,
10,A,,
10,B,,
11,A,,
11,B,,
12,A,,
12,B,,
13,A,,
13,B,,
14,A,,
14,B,,
15,A,,
15,B,,
16,A,,
16,B,,
17,A,,
17,B,,
18,A,,
18,B,,
19,A,,
19,B,,
20,A,,
20,B,,
21,A,,
21,B,,
22,A,,
22,B,,
23,A,,
23,B,,
24,A,,
24,B,,
25,A,,
25,B,,
26,A,,
26,B,,
27,A,,
27,B,,
28,A,,
28,B,,
29,A,,
29,B,,
30,A,,
30,B,,
31,A,,
31,B,,
32,A,,
32,B,,
33,A,,
33,B,,
34,A,,
34,B,,
35,A,,
35,B,,
36,A,,
36,B,,
37,A,,
37,B,,
38,A,,
38,B,,
39,A,,
39,B,,
40,A,,
40,B,,
41,A,,
41,B,,
42,A,,
42,B,,
43,A,,
43,B,,
44,A,,
44,B,,
45,A,,
45,B,,
46,A,,
46,B,,
47,A,,
47,B,,
48,A,,
48,B,,
49,A,,
49,B,,
50,A,,
50,B,,
51,A,,
51,B,,
52,A,,
52,B,,
53,A,,
53,B,,
54,A,,
54,B,,
55,A,,
55,B,,
56,A,,
56,B,,
57,A,,
57,B,,
58,A,,
58,B,,
59,A,,
59,B,,
60,A,,
60,B,,
61,A,,
61,B,,
62,A,,
62,B,,
63,A,,
63,B,,
64,A,,
64,B,,
65,A,,
65,B,,
66,A,,
66,B,,
67,A,,
67,B,,
68,A,,
68,B,,
69,A,,
69,B,,
70,A,,
70,B,,
71,A,,
71,B,,
72,A,,
72,B,,
73,A,,
73,B,,
74,A,,
74,B,,
75,A,,
75,B,,
76,A,,
76,B,,
77,A,,
77,B,,
78,A,,
78,B,,
79,A,,
79,B,,
80,A,,
80,B,,
81,A,,
81,B,,
82,A,,
82,B,,
83,A,,
83,B,,
84,A,,
84,B,,
85,A,,
85,B,,
86,A,,
86,B,,
87,A,,
87,B,,
88,A,,
88,B,,
89,A,,
89,B,,
90,A,,
90,B,,
91,A,,
91,B,,
92,A,,
92,B,,
93,A,,
93,B,,
94,A,,
94,B,,
95,A,,
95,B,,
96,A,,
96,B,,
97,A,,
97,B,,
98,A,,
98,B,,
99,A,,
99,B,,
100,A,,
100,B,,
101,A,,
101,B,,
102,A,,
102,B,,
103,A,,
103,B,,
104,A,,
104,B,,
105,A,,
105,B,,
106,A,,
106,B,,
107,A,,
107,B,,
108,A,,
108,B,,
109,A,,
109,B,,
110,A,,
110,B,,
111,A,,
111,B,,
112,A,,
112,B,,
113,A,,
113,B,,
114,A,,
114,B,,
115,A,,
115,B,,
116,A,,
116,B,,
117,A,,
117,B,,
118,A,,
118,B,,
119,A,,
119,B,,
120,A,,
120,B,,
121,A,,
121,B,,
121,C,,
122,A,,
122,B,,
122,C,,
123,A,,
123,B,,
123,C,,
124,A,,
124,B,,
124,C,,
125,A,,
125,B,,
125,C,,
126,A,,
126,B,,
126,C,,
127,A,,
127,B,,
127,C,,
128,A,,
128,B,,
128,C,,
129,A,,
129,B,,
129,C,,
130,A,,
130,B,,
130,C,,
131,A,,
131,B,,
131,C,,
132,A,,
132,B,,
132,C,,
133,A,,
133,B,,
133,C,,
134,A,,
134,B,,
134,C,,
135,A,,
135,B,,
135,C,,
136,A,,
136,B,,
136,C,,
137,A,,
137,B,,
137,C,,
138,A,,
138,B,,
138,C,,
139,A,,
139,B,,
139,C,,
140,A,,
140,B,,
140,C,,
141,A,,
141,B,,
141,C,,
142,A,,
142,B,,
142,C,,
143,A,,
143,B,,
143,C,,
144,A,,
144,B,,
144,C,,
145,A,,
145,B,,
145,C,,
146,A,,
146,B,,
146,C,,
147,A,,
147,B,,
147,C,,
148,A,,
148,B,,
148,C,,
149,A,,
149,B,,
149,C,,
150,A,,
150,B,,
150,C,,
