panel,metric,k,model,percent,source
a,SMILES Validity,,FlowER,94.94,"Joung et al., Nature 2025, doi:10.1038/s41586-025-09426-9, Source Data Fig. 2 (41586_2025_9426_MOESM3_ESM.xlsx)"
a,SMILES Validity,,G2S,76.31,"Joung et al., Nature 2025, doi:10.1038/s41586-025-09426-9, Source Data Fig. 2 (41586_2025_9426_MOESM3_ESM.xlsx)"
a,SMILES Validity,,G2S+H,78.8,"Joung et al., Nature 2025, doi:10.1038/s41586-025-09426-9, Source Data Fig. 2 (41586_2025_9426_MOESM3_ESM.xlsx)"
a,SMILES Validity,,MT,70.16,"Joung et al., Nature 2025, doi:10.1038/s41586-025-09426-9, Source Data Fig. 2 (41586_2025_9426_MOESM3_ESM.xlsx)"
a,Atom Conservation,,FlowER,94.94,"Joung et al., Nature 2025, doi:10.1038/s41586-025-09426-9, Source Data Fig. 2 (41586_2025_9426_MOESM3_ESM.xlsx)"
a,Atom Conservation,,G2S,30.72,"Joung et al., Nature 2025, doi:10.1038/s41586-025-09426-9, Source Data Fig. 2 (41586_2025_9426_MOESM3_ESM.xlsx)"
a,Atom Conservation,,G2S+H,27.66,"Joung et al., Nature 2025, doi:10.1038/s41586-025-09426-9, Source Data Fig. 2 (41586_2025_9426_MOESM3_ESM.xlsx)"
a,Atom Conservation,,MT,39.11,"Joung et al., Nature 2025, doi:10.1038/s41586-025-09426-9, Source Data Fig. 2 (41586_2025_9426_MOESM3_ESM.xlsx)"
a,Proton Conservation,,FlowER,94.94,"Joung et al., Nature 2025, doi:10.1038/s41586-025-09426-9, Source Data Fig. 2 (41586_2025_9426_MOESM3_ESM.xlsx)"
a,Proton Conservation,,G2S,18.67,"Joung et al., Nature 2025, doi:10.1038/s41586-025-09426-9, Source Data Fig. 2 (41586_2025_9426_MOESM3_ESM.xlsx)"
a,Proton Conservation,,G2S+H,19.73,"Joung et al., Nature 2025, doi:10.1038/s41586-025-09426-9, Source Data Fig. 2 (41586_2025_9426_MOESM3_ESM.xlsx)"
a,Proton Conservation,,MT,33.69,"Joung et al., Nature 2025, doi:10.1038/s41586-025-09426-9, Source Data Fig. 2 (41586_2025_9426_MOESM3_ESM.xlsx)"
a,Electron Conservation,,FlowER,94.94,"Joung et al., Nature 2025, doi:10.1038/s41586-025-09426-9, Source Data Fig. 2 (41586_2025_9426_MOESM3_ESM.xlsx)"
a,Electron Conservation,,G2S,17.19,"Joung et al., Nature 2025, doi:10.1038/s41586-025-09426-9, Source Data Fig. 2 (41586_2025_9426_MOESM3_ESM.xlsx)"
a,Electron Conservation,,G2S+H,19.02,"Joung et al., Nature 2025, doi:10.1038/s41586-025-09426-9, Source Data Fig. 2 (41586_2025_9426_MOESM3_ESM.xlsx)"
a,Electron Conservation,,MT,33.04,"Joung et al., Nature 2025, doi:10.1038/s41586-025-09426-9, Source Data Fig. 2 (41586_2025_9426_MOESM3_ESM.xlsx)"
b,top-k step accuracy,1,FlowER-large,89.74,"Joung et al., Nature 2025, doi:10.1038/s41586-025-09426-9, Source Data Fig. 2 (41586_2025_9426_MOESM3_ESM.xlsx)"
b,top-k step accuracy,1,FlowER,88.48,"Joung et al., Nature 2025, doi:10.1038/s41586-025-09426-9, Source Data Fig. 2 (41586_2025_9426_MOESM3_ESM.xlsx)"
b,top-k step accuracy,1,G2S,89.09,"Joung et al., Nature 2025, doi:10.1038/s41586-025-09426-9, Source Data Fig. 2 (41586_2025_9426_MOESM3_ESM.xlsx)"
b,top-k step accuracy,1,G2S+H,87.39,"Joung et al., Nature 2025, doi:10.1038/s41586-025-09426-9, Source Data Fig. 2 (41586_2025_9426_MOESM3_ESM.xlsx)"
b,top-k step accuracy,1,MT,88.75,"Joung et al., Nature 2025, doi:10.1038/s41586-025-09426-9, Source Data Fig. 2 (41586_2025_9426_MOESM3_ESM.xlsx)"
b,top-k step accuracy,1,Upper Limit,91.27,"Joung et al., Nature 2025, doi:10.1038/s41586-025-09426-9, Source Data Fig. 2 (41586_2025_9426_MOESM3_ESM.xlsx)"
b,top-k step accuracy,2,FlowER-large,97.4,"Joung et al., Nature 2025, doi:10.1038/s41586-025-09426-9, Source Data Fig. 2 (41586_2025_9426_MOESM3_ESM.xlsx)"
b,top-k step accuracy,2,FlowER,96.42,"Joung et al., Nature 2025, doi:10.1038/s41586-025-09426-9, Source Data Fig. 2 (41586_2025_9426_MOESM3_ESM.xlsx)"
b,top-k step accuracy,2,G2S,96.75,"Joung et al., Nature 2025, doi:10.1038/s41586-025-09426-9, Source Data Fig. 2 (41586_2025_9426_MOESM3_ESM.xlsx)"
b,top-k step accuracy,2,G2S+H,95.31,"Joung et al., Nature 2025, doi:10.1038/s41586-025-09426-9, Source Data Fig. 2 (41586_2025_9426_MOESM3_ESM.xlsx)"
b,top-k step accuracy,2,MT,96.62,"Joung et al., Nature 2025, doi:10.1038/s41586-025-09426-9, Source Data Fig. 2 (41586_2025_9426_MOESM3_ESM.xlsx)"
b,top-k step accuracy,2,Upper Limit,98.89,"Joung et al., Nature 2025, doi:10.1038/s41586-025-09426-9, Source Data Fig. 2 (41586_2025_9426_MOESM3_ESM.xlsx)"
b,top-k step accuracy,3,FlowER-large,98.66,"Joung et al., Nature 2025, doi:10.1038/s41586-025-09426-9, Source Data Fig. 2 (41586_2025_9426_MOESM3_ESM.xlsx)"
b,top-k step accuracy,3,FlowER,97.96,"Joung et al., Nature 2025, doi:10.1038/s41586-025-09426-9, Source Data Fig. 2 (41586_2025_9426_MOESM3_ESM.xlsx)"
b,top-k step accuracy,3,G2S,98.08,"Joung et al., Nature 2025, doi:10.1038/s41586-025-09426-9, Source Data Fig. 2 (41586_2025_9426_MOESM3_ESM.xlsx)"
b,top-k step accuracy,3,G2S+H,96.87,"Joung et al., Nature 2025, doi:10.1038/s41586-025-09426-9, Source Data Fig. 2 (41586_2025_9426_MOESM3_ESM.xlsx)"
b,top-k step accuracy,3,MT,98.42,"Joung et al., Nature 2025, doi:10.1038/s41586-025-09426-9, Source Data Fig. 2 (41586_2025_9426_MOESM3_ESM.xlsx)"
b,top-k step accuracy,3,Upper Limit,99.79,"Joung et al., Nature 2025, doi:10.1038/s41586-025-09426-9, Source Data Fig. 2 (41586_2025_9426_MOESM3_ESM.xlsx)"
b,top-k step accuracy,4,FlowER-large,99,"Joung et al., Nature 2025, doi:10.1038/s41586-025-09426-9, Source Data Fig. 2 (41586_2025_9426_MOESM3_ESM.xlsx)"
b,top-k step accuracy,4,FlowER,98.41,"Joung et al., Nature 2025, doi:10.1038/s41586-025-09426-9, Source Data Fig. 2 (41586_2025_9426_MOESM3_ESM.xlsx)"
b,top-k step accuracy,4,G2S,98.47,"Joung et al., Nature 2025, doi:10.1038/s41586-025-09426-9, Source Data Fig. 2 (41586_2025_9426_MOESM3_ESM.xlsx)"
b,top-k step accuracy,4,G2S+H,97.4,"Joung et al., Nature 2025, doi:10.1038/s41586-025-09426-9, Source Data Fig. 2 (41586_2025_9426_MOESM3_ESM.xlsx)"
b,top-k step accuracy,4,MT,98.77,"Joung et al., Nature 2025, doi:10.1038/s41586-025-09426-9, Source Data Fig. 2 (41586_2025_9426_MOESM3_ESM.xlsx)"
b,top-k step accuracy,4,Upper Limit,99.94,"Joung et al., Nature 2025, doi:10.1038/s41586-025-09426-9, Source Data Fig. 2 (41586_2025_9426_MOESM3_ESM.xlsx)"
b,top-k step accuracy,5,FlowER-large,99.13,"Joung et al., Nature 2025, doi:10.1038/s41586-025-09426-9, Source Data Fig. 2 (41586_2025_9426_MOESM3_ESM.xlsx)"
b,top-k step accuracy,5,FlowER,98.6,"Joung et al., Nature 2025, doi:10.1038/s41586-025-09426-9, Source Data Fig. 2 (41586_2025_9426_MOESM3_ESM.xlsx)"
b,top-k step accuracy,5,G2S,98.66,"Joung et al., Nature 2025, doi:10.1038/s41586-025-09426-9, Source Data Fig. 2 (41586_2025_9426_MOESM3_ESM.xlsx)"
b,top-k step accuracy,5,G2S+H,97.67,"Joung et al., Nature 2025, doi:10.1038/s41586-025-09426-9, Source Data Fig. 2 (41586_2025_9426_MOESM3_ESM.xlsx)"
b,top-k step accuracy,5,MT,98.92,"Joung et al., Nature 2025, doi:10.1038/s41586-025-09426-9, Source Data Fig. 2 (41586_2025_9426_MOESM3_ESM.xlsx)"
b,top-k step accuracy,5,Upper Limit,99.99,"Joung et al., Nature 2025, doi:10.1038/s41586-025-09426-9, Source Data Fig. 2 (41586_2025_9426_MOESM3_ESM.xlsx)"
b,top-k step accuracy,6,FlowER-large,99.19,"Joung et al., Nature 2025, doi:10.1038/s41586-025-09426-9, Source Data Fig. 2 (41586_2025_9426_MOESM3_ESM.xlsx)"
b,top-k step accuracy,6,FlowER,98.69,"Joung et al., Nature 2025, doi:10.1038/s41586-025-09426-9, Source Data Fig. 2 (41586_2025_9426_MOESM3_ESM.xlsx)"
b,top-k step accuracy,6,G2S,98.76,"Joung et al., Nature 2025, doi:10.1038/s41586-025-09426-9, Source Data Fig. 2 (41586_2025_9426_MOESM3_ESM.xlsx)"
b,top-k step accuracy,6,G2S+H,97.84,"Joung et al., Nature 2025, doi:10.1038/s41586-025-09426-9, Source Data Fig. 2 (41586_2025_9426_MOESM3_ESM.xlsx)"
b,top-k step accuracy,6,MT,98.92,"Joung et al., Nature 2025, doi:10.1038/s41586-025-09426-9, Source Data Fig. 2 (41586_2025_9426_MOESM3_ESM.xlsx)"
b,top-k step accuracy,6,Upper Limit,99.99,"Joung et al., Nature 2025, doi:10.1038/s41586-025-09426-9, Source Data Fig. 2 (41586_2025_9426_MOESM3_ESM.xlsx)"
b,top-k step accuracy,7,FlowER-large,99.22,"Joung et al., Nature 2025, doi:10.1038/s41586-025-09426-9, Source Data Fig. 2 (41586_2025_9426_MOESM3_ESM.xlsx)"
b,top-k step accuracy,7,FlowER,98.75,"Joung et al., Nature 2025, doi:10.1038/s41586-025-09426-9, Source Data Fig. 2 (41586_2025_9426_MOESM3_ESM.xlsx)"
b,top-k step accuracy,7,G2S,98.84,"Joung et al., Nature 2025, doi:10.1038/s41586-025-09426-9, Source Data Fig. 2 (41586_2025_9426_MOESM3_ESM.xlsx)"
b,top-k step accuracy,7,G2S+H,97.95,"Joung et al., Nature 2025, doi:10.1038/s41586-025-09426-9, Source Data Fig. 2 (41586_2025_9426_MOESM3_ESM.xlsx)"
b,top-k step accuracy,7,MT,98.93,"Joung et al., Nature 2025, doi:10.1038/s41586-025-09426-9, Source Data Fig. 2 (41586_2025_9426_MOESM3_ESM.xlsx)"
b,top-k step accuracy,7,Upper Limit,100,"Joung et al., Nature 2025, doi:10.1038/s41586-025-09426-9, Source Data Fig. 2 (41586_2025_9426_MOESM3_ESM.xlsx)"
b,top-k step accuracy,8,FlowER-large,99.23,"Joung et al., Nature 2025, doi:10.1038/s41586-025-09426-9, Source Data Fig. 2 (41586_2025_9426_MOESM3_ESM.xlsx)"
b,top-k step accuracy,8,FlowER,98.78,"Joung et al., Nature 2025, doi:10.1038/s41586-025-09426-9, Source Data Fig. 2 (41586_2025_9426_MOESM3_ESM.xlsx)"
b,top-k step accuracy,8,G2S,98.89,"Joung et al., Nature 2025, doi:10.1038/s41586-025-09426-9, Source Data Fig. 2 (41586_2025_9426_MOESM3_ESM.xlsx)"
b,top-k step accuracy,8,G2S+H,98.03,"Joung et al., Nature 2025, doi:10.1038/s41586-025-09426-9, Source Data Fig. 2 (41586_2025_9426_MOESM3_ESM.xlsx)"
b,top-k step accuracy,8,MT,98.93,"Joung et al., Nature 2025, doi:10.1038/s41586-025-09426-9, Source Data Fig. 2 (41586_2025_9426_MOESM3_ESM.xlsx)"
b,top-k step accuracy,8,Upper Limit,100,"Joung et al., Nature 2025, doi:10.1038/s41586-025-09426-9, Source Data Fig. 2 (41586_2025_9426_MOESM3_ESM.xlsx)"
b,top-k step accuracy,9,FlowER-large,99.25,"Joung et al., Nature 2025, doi:10.1038/s41586-025-09426-9, Source Data Fig. 2 (41586_2025_9426_MOESM3_ESM.xlsx)"
b,top-k step accuracy,9,FlowER,98.81,"Joung et al., Nature 2025, doi:10.1038/s41586-025-09426-9, Source Data Fig. 2 (41586_2025_9426_MOESM3_ESM.xlsx)"
b,top-k step accuracy,9,G2S,98.92,"Joung et al., Nature 2025, doi:10.1038/s41586-025-09426-9, Source Data Fig. 2 (41586_2025_9426_MOESM3_ESM.xlsx)"
b,top-k step accuracy,9,G2S+H,98.1,"Joung et al., Nature 2025, doi:10.1038/s41586-025-09426-9, Source Data Fig. 2 (41586_2025_9426_MOESM3_ESM.xlsx)"
b,top-k step accuracy,9,MT,98.93,"Joung et al., Nature 2025, doi:10.1038/s41586-025-09426-9, Source Data Fig. 2 (41586_2025_9426_MOESM3_ESM.xlsx)"
b,top-k step accuracy,9,Upper Limit,100,"Joung et al., Nature 2025, doi:10.1038/s41586-025-09426-9, Source Data Fig. 2 (41586_2025_9426_MOESM3_ESM.xlsx)"
b,top-k step accuracy,10,FlowER-large,99.25,"Joung et al., Nature 2025, doi:10.1038/s41586-025-09426-9, Source Data Fig. 2 (41586_2025_9426_MOESM3_ESM.xlsx)"
b,top-k step accuracy,10,FlowER,98.82,"Joung et al., Nature 2025, doi:10.1038/s41586-025-09426-9, Source Data Fig. 2 (41586_2025_9426_MOESM3_ESM.xlsx)"
b,top-k step accuracy,10,G2S,98.95,"Joung et al., Nature 2025, doi:10.1038/s41586-025-09426-9, Source Data Fig. 2 (41586_2025_9426_MOESM3_ESM.xlsx)"
b,top-k step accuracy,10,G2S+H,98.15,"Joung et al., Nature 2025, doi:10.1038/s41586-025-09426-9, Source Data Fig. 2 (41586_2025_9426_MOESM3_ESM.xlsx)"
b,top-k step accuracy,10,MT,98.93,"Joung et al., Nature 2025, doi:10.1038/s41586-025-09426-9, Source Data Fig. 2 (41586_2025_9426_MOESM3_ESM.xlsx)"
b,top-k step accuracy,10,Upper Limit,100,"Joung et al., Nature 2025, doi:10.1038/s41586-025-09426-9, Source Data Fig. 2 (41586_2025_9426_MOESM3_ESM.xlsx)"
c,top-k pathway accuracy,1,FlowER-large,92.5,"Joung et al., Nature 2025, doi:10.1038/s41586-025-09426-9, Source Data Fig. 2 (41586_2025_9426_MOESM3_ESM.xlsx)"
c,top-k pathway accuracy,1,FlowER,88.97,"Joung et al., Nature 2025, doi:10.1038/s41586-025-09426-9, Source Data Fig. 2 (41586_2025_9426_MOESM3_ESM.xlsx)"
c,top-k pathway accuracy,1,G2S,92.51,"Joung et al., Nature 2025, doi:10.1038/s41586-025-09426-9, Source Data Fig. 2 (41586_2025_9426_MOESM3_ESM.xlsx)"
c,top-k pathway accuracy,1,G2S+H,89.22,"Joung et al., Nature 2025, doi:10.1038/s41586-025-09426-9, Source Data Fig. 2 (41586_2025_9426_MOESM3_ESM.xlsx)"
c,top-k pathway accuracy,1,MT,88.31,"Joung et al., Nature 2025, doi:10.1038/s41586-025-09426-9, Source Data Fig. 2 (41586_2025_9426_MOESM3_ESM.xlsx)"
c,top-k pathway accuracy,2,FlowER-large,96.89,"Joung et al., Nature 2025, doi:10.1038/s41586-025-09426-9, Source Data Fig. 2 (41586_2025_9426_MOESM3_ESM.xlsx)"
c,top-k pathway accuracy,2,FlowER,94.75,"Joung et al., Nature 2025, doi:10.1038/s41586-025-09426-9, Source Data Fig. 2 (41586_2025_9426_MOESM3_ESM.xlsx)"
c,top-k pathway accuracy,2,G2S,95.94,"Joung et al., Nature 2025, doi:10.1038/s41586-025-09426-9, Source Data Fig. 2 (41586_2025_9426_MOESM3_ESM.xlsx)"
c,top-k pathway accuracy,2,G2S+H,93.7,"Joung et al., Nature 2025, doi:10.1038/s41586-025-09426-9, Source Data Fig. 2 (41586_2025_9426_MOESM3_ESM.xlsx)"
c,top-k pathway accuracy,2,MT,95.64,"Joung et al., Nature 2025, doi:10.1038/s41586-025-09426-9, Source Data Fig. 2 (41586_2025_9426_MOESM3_ESM.xlsx)"
c,top-k pathway accuracy,3,FlowER-large,98.15,"Joung et al., Nature 2025, doi:10.1038/s41586-025-09426-9, Source Data Fig. 2 (41586_2025_9426_MOESM3_ESM.xlsx)"
c,top-k pathway accuracy,3,FlowER,96.48,"Joung et al., Nature 2025, doi:10.1038/s41586-025-09426-9, Source Data Fig. 2 (41586_2025_9426_MOESM3_ESM.xlsx)"
c,top-k pathway accuracy,3,G2S,97.03,"Joung et al., Nature 2025, doi:10.1038/s41586-025-09426-9, Source Data Fig. 2 (41586_2025_9426_MOESM3_ESM.xlsx)"
c,top-k pathway accuracy,3,G2S+H,95.1,"Joung et al., Nature 2025, doi:10.1038/s41586-025-09426-9, Source Data Fig. 2 (41586_2025_9426_MOESM3_ESM.xlsx)"
c,top-k pathway accuracy,3,MT,97.02,"Joung et al., Nature 2025, doi:10.1038/s41586-025-09426-9, Source Data Fig. 2 (41586_2025_9426_MOESM3_ESM.xlsx)"
c,top-k pathway accuracy,4,FlowER-large,98.45,"Joung et al., Nature 2025, doi:10.1038/s41586-025-09426-9, Source Data Fig. 2 (41586_2025_9426_MOESM3_ESM.xlsx)"
c,top-k pathway accuracy,4,FlowER,97.11,"Joung et al., Nature 2025, doi:10.1038/s41586-025-09426-9, Source Data Fig. 2 (41586_2025_9426_MOESM3_ESM.xlsx)"
c,top-k pathway accuracy,4,G2S,97.49,"Joung et al., Nature 2025, doi:10.1038/s41586-025-09426-9, Source Data Fig. 2 (41586_2025_9426_MOESM3_ESM.xlsx)"
c,top-k pathway accuracy,4,G2S+H,95.79,"Joung et al., Nature 2025, doi:10.1038/s41586-025-09426-9, Source Data Fig. 2 (41586_2025_9426_MOESM3_ESM.xlsx)"
c,top-k pathway accuracy,4,MT,97.41,"Joung et al., Nature 2025, doi:10.1038/s41586-025-09426-9, Source Data Fig. 2 (41586_2025_9426_MOESM3_ESM.xlsx)"
c,top-k pathway accuracy,5,FlowER-large,98.61,"Joung et al., Nature 2025, doi:10.1038/s41586-025-09426-9, Source Data Fig. 2 (41586_2025_9426_MOESM3_ESM.xlsx)"
c,top-k pathway accuracy,5,FlowER,97.39,"Joung et al., Nature 2025, doi:10.1038/s41586-025-09426-9, Source Data Fig. 2 (41586_2025_9426_MOESM3_ESM.xlsx)"
c,top-k pathway accuracy,5,G2S,97.76,"Joung et al., Nature 2025, doi:10.1038/s41586-025-09426-9, Source Data Fig. 2 (41586_2025_9426_MOESM3_ESM.xlsx)"
c,top-k pathway accuracy,5,G2S+H,96.19,"Joung et al., Nature 2025, doi:10.1038/s41586-025-09426-9, Source Data Fig. 2 (41586_2025_9426_MOESM3_ESM.xlsx)"
c,top-k pathway accuracy,5,MT,97.59,"Joung et al., Nature 2025, doi:10.1038/s41586-025-09426-9, Source Data Fig. 2 (41586_2025_9426_MOESM3_ESM.xlsx)"
c,top-k pathway accuracy,6,FlowER-large,98.65,"Joung et al., Nature 2025, doi:10.1038/s41586-025-09426-9, Source Data Fig. 2 (41586_2025_9426_MOESM3_ESM.xlsx)"
c,top-k pathway accuracy,6,FlowER,97.57,"Joung et al., Nature 2025, doi:10.1038/s41586-025-09426-9, Source Data Fig. 2 (41586_2025_9426_MOESM3_ESM.xlsx)"
c,top-k pathway accuracy,6,G2S,97.88,"Joung et al., Nature 2025, doi:10.1038/s41586-025-09426-9, Source Data Fig. 2 (41586_2025_9426_MOESM3_ESM.xlsx)"
c,top-k pathway accuracy,6,G2S+H,96.45,"Joung et al., Nature 2025, doi:10.1038/s41586-025-09426-9, Source Data Fig. 2 (41586_2025_9426_MOESM3_ESM.xlsx)"
c,top-k pathway accuracy,6,MT,97.59,"Joung et al., Nature 2025, doi:10.1038/s41586-025-09426-9, Source Data Fig. 2 (41586_2025_9426_MOESM3_ESM.xlsx)"
c,top-k pathway accuracy,7,FlowER-large,98.68,"Joung et al., Nature 2025, doi:10.1038/s41586-025-09426-9, Source Data Fig. 2 (41586_2025_9426_MOESM3_ESM.xlsx)"
c,top-k pathway accuracy,7,FlowER,97.65,"Joung et al., Nature 2025, doi:10.1038/s41586-025-09426-9, Source Data Fig. 2 (41586_2025_9426_MOESM3_ESM.xlsx)"
c,top-k pathway accuracy,7,G2S,98,"Joung et al., Nature 2025, doi:10.1038/s41586-025-09426-9, Source Data Fig. 2 (41586_2025_9426_MOESM3_ESM.xlsx)"
c,top-k pathway accuracy,7,G2S+H,96.66,"Joung et al., Nature 2025, doi:10.1038/s41586-025-09426-9, Source Data Fig. 2 (41586_2025_9426_MOESM3_ESM.xlsx)"
c,top-k pathway accuracy,7,MT,97.59,"Joung et al., Nature 2025, doi:10.1038/s41586-025-09426-9, Source Data Fig. 2 (41586_2025_9426_MOESM3_ESM.xlsx)"
c,top-k pathway accuracy,8,FlowER-large,98.69,"Joung et al., Nature 2025, doi:10.1038/s41586-025-09426-9, Source Data Fig. 2 (41586_2025_9426_MOESM3_ESM.xlsx)"
c,top-k pathway accuracy,8,FlowER,97.68,"Joung et al., Nature 2025, doi:10.1038/s41586-025-09426-9, Source Data Fig. 2 (41586_2025_9426_MOESM3_ESM.xlsx)"
c,top-k pathway accuracy,8,G2S,98.08,"Joung et al., Nature 2025, doi:10.1038/s41586-025-09426-9, Source Data Fig. 2 (41586_2025_9426_MOESM3_ESM.xlsx)"
c,top-k pathway accuracy,8,G2S+H,96.79,"Joung et al., Nature 2025, doi:10.1038/s41586-025-09426-9, Source Data Fig. 2 (41586_2025_9426_MOESM3_ESM.xlsx)"
c,top-k pathway accuracy,8,MT,97.59,"Joung et al., Nature 2025, doi:10.1038/s41586-025-09426-9, Source Data Fig. 2 (41586_2025_9426_MOESM3_ESM.xlsx)"
c,top-k pathway accuracy,9,FlowER-large,98.7,"Joung et al., Nature 2025, doi:10.1038/s41586-025-09426-9, Source Data Fig. 2 (41586_2025_9426_MOESM3_ESM.xlsx)"
c,top-k pathway accuracy,9,FlowER,97.69,"Joung et al., Nature 2025, doi:10.1038/s41586-025-09426-9, Source Data Fig. 2 (41586_2025_9426_MOESM3_ESM.xlsx)"
c,top-k pathway accuracy,9,G2S,98.13,"Joung et al., Nature 2025, doi:10.1038/s41586-025-09426-9, Source Data Fig. 2 (41586_2025_9426_MOESM3_ESM.xlsx)"
c,top-k pathway accuracy,9,G2S+H,96.89,"Joung et al., Nature 2025, doi:10.1038/s41586-025-09426-9, Source Data Fig. 2 (41586_2025_9426_MOESM3_ESM.xlsx)"
c,top-k pathway accuracy,9,MT,97.59,"Joung et al., Nature 2025, doi:10.1038/s41586-025-09426-9, Source Data Fig. 2 (41586_2025_9426_MOESM3_ESM.xlsx)"
c,top-k pathway accuracy,10,FlowER-large,98.7,"Joung et al., Nature 2025, doi:10.1038/s41586-025-09426-9, Source Data Fig. 2 (41586_2025_9426_MOESM3_ESM.xlsx)"
c,top-k pathway accuracy,10,FlowER,97.7,"Joung et al., Nature 2025, doi:10.1038/s41586-025-09426-9, Source Data Fig. 2 (41586_2025_9426_MOESM3_ESM.xlsx)"
c,top-k pathway accuracy,10,G2S,98.19,"Joung et al., Nature 2025, doi:10.1038/s41586-025-09426-9, Source Data Fig. 2 (41586_2025_9426_MOESM3_ESM.xlsx)"
c,top-k pathway accuracy,10,G2S+H,96.98,"Joung et al., Nature 2025, doi:10.1038/s41586-025-09426-9, Source Data Fig. 2 (41586_2025_9426_MOESM3_ESM.xlsx)"
c,top-k pathway accuracy,10,MT,97.59,"Joung et al., Nature 2025, doi:10.1038/s41586-025-09426-9, Source Data Fig. 2 (41586_2025_9426_MOESM3_ESM.xlsx)"
